region_id,region_name,province,date,year,month,transactions,in_branch_transactions,digital_transactions,digital_percentage
RG001,Toronto Central,Ontario,2021-01-01,2021,1,241124,55217,185906,77.1
RG002,Toronto North,Ontario,2021-01-01,2021,1,239907,104839,135067,56.3
RG003,Toronto East,Ontario,2021-01-01,2021,1,180973,49767,131205,72.5
RG004,Toronto West,Ontario,2021-01-01,2021,1,202384,81358,121025,59.8
RG005,Mississauga,Ontario,2021-01-01,2021,1,189139,28370,160768,85.0
RG006,Brampton,Ontario,2021-01-01,2021,1,141821,23258,118562,83.6
RG007,Hamilton,Ontario,2021-01-01,2021,1,231933,89294,142638,61.5
RG008,Ottawa,Ontario,2021-01-01,2021,1,72061,14340,57720,80.1
RG009,Vancouver Downtown,British Columbia,2021-01-01,2021,1,107563,34205,73357,68.2
RG010,Vancouver East,British Columbia,2021-01-01,2021,1,104809,44753,60055,57.3
RG011,Vancouver West,British Columbia,2021-01-01,2021,1,132202,25118,107083,81.0
RG012,Burnaby,British Columbia,2021-01-01,2021,1,131868,32967,98901,75.0
RG013,Surrey,British Columbia,2021-01-01,2021,1,231953,100899,131053,56.5
RG014,Richmond,British Columbia,2021-01-01,2021,1,199296,85896,113399,56.9
RG015,Calgary Downtown,Alberta,2021-01-01,2021,1,136759,60857,75901,55.5
RG016,Calgary North,Alberta,2021-01-01,2021,1,179664,83543,96120,53.5
RG017,Calgary South,Alberta,2021-01-01,2021,1,120159,18864,101294,84.3
RG018,Edmonton Central,Alberta,2021-01-01,2021,1,155348,27185,128162,82.5
RG019,Edmonton West,Alberta,2021-01-01,2021,1,37291,16445,20845,55.9
RG020,Montreal Central,Quebec,2021-01-01,2021,1,48602,18517,30084,61.9
RG021,Montreal East,Quebec,2021-01-01,2021,1,92500,41347,51152,55.3
RG022,Montreal West,Quebec,2021-01-01,2021,1,132163,21939,110223,83.4
RG023,Laval,Quebec,2021-01-01,2021,1,82617,39160,43456,52.6
RG024,Quebec City,Quebec,2021-01-01,2021,1,56008,23915,32092,57.3
RG001,Toronto Central,Ontario,2021-01-31,2021,1,237118,54300,182817,77.1
RG002,Toronto North,Ontario,2021-01-31,2021,1,234508,102479,132028,56.3
RG003,Toronto East,Ontario,2021-01-31,2021,1,195733,53826,141906,72.5
RG004,Toronto West,Ontario,2021-01-31,2021,1,192000,77184,114816,59.8
RG005,Mississauga,Ontario,2021-01-31,2021,1,188809,28321,160487,85.0
RG006,Brampton,Ontario,2021-01-31,2021,1,143802,23583,120218,83.6
RG007,Hamilton,Ontario,2021-01-31,2021,1,226044,87026,139017,61.5
RG008,Ottawa,Ontario,2021-01-31,2021,1,67159,13364,53794,80.1
RG009,Vancouver Downtown,British Columbia,2021-01-31,2021,1,107777,34273,73503,68.2
RG010,Vancouver East,British Columbia,2021-01-31,2021,1,98708,42148,56559,57.3
RG011,Vancouver West,British Columbia,2021-01-31,2021,1,120627,22919,97707,81.0
RG012,Burnaby,British Columbia,2021-01-31,2021,1,131209,32802,98406,75.0
RG013,Surrey,British Columbia,2021-01-31,2021,1,244132,106197,137934,56.5
RG014,Richmond,British Columbia,2021-01-31,2021,1,202097,87103,114993,56.9
RG015,Calgary Downtown,Alberta,2021-01-31,2021,1,144588,64341,80246,55.5
RG016,Calgary North,Alberta,2021-01-31,2021,1,180330,83853,96476,53.5
RG017,Calgary South,Alberta,2021-01-31,2021,1,130298,20456,109841,84.3
RG018,Edmonton Central,Alberta,2021-01-31,2021,1,157365,27538,129826,82.5
RG019,Edmonton West,Alberta,2021-01-31,2021,1,37938,16730,21207,55.9
RG020,Montreal Central,Quebec,2021-01-31,2021,1,47027,17917,29109,61.9
RG021,Montreal East,Quebec,2021-01-31,2021,1,96216,43008,53207,55.3
RG022,Montreal West,Quebec,2021-01-31,2021,1,132175,21941,110233,83.4
RG023,Laval,Quebec,2021-01-31,2021,1,83085,39382,43702,52.6
RG024,Quebec City,Quebec,2021-01-31,2021,1,55729,23796,31932,57.3
RG001,Toronto Central,Ontario,2021-03-02,2021,3,264082,60474,203607,77.1
RG002,Toronto North,Ontario,2021-03-02,2021,3,275871,120555,155315,56.3
RG003,Toronto East,Ontario,2021-03-02,2021,3,213459,58701,154757,72.5
RG004,Toronto West,Ontario,2021-03-02,2021,3,225725,90741,134983,59.8
RG005,Mississauga,Ontario,2021-03-02,2021,3,208352,31252,177099,85.0
RG006,Brampton,Ontario,2021-03-02,2021,3,161246,26444,134801,83.6
RG007,Hamilton,Ontario,2021-03-02,2021,3,273325,105230,168094,61.5
RG008,Ottawa,Ontario,2021-03-02,2021,3,81488,16216,65271,80.1
RG009,Vancouver Downtown,British Columbia,2021-03-02,2021,3,122107,38830,83276,68.2
RG010,Vancouver East,British Columbia,2021-03-02,2021,3,116639,49804,66834,57.3
RG011,Vancouver West,British Columbia,2021-03-02,2021,3,144113,27381,116731,81.0
RG012,Burnaby,British Columbia,2021-03-02,2021,3,153448,38362,115086,75.0
RG013,Surrey,British Columbia,2021-03-02,2021,3,275127,119680,155446,56.5
RG014,Richmond,British Columbia,2021-03-02,2021,3,221647,95529,126117,56.9
RG015,Calgary Downtown,Alberta,2021-03-02,2021,3,155116,69026,86089,55.5
RG016,Calgary North,Alberta,2021-03-02,2021,3,205295,95462,109832,53.5
RG017,Calgary South,Alberta,2021-03-02,2021,3,142142,22316,119825,84.3
RG018,Edmonton Central,Alberta,2021-03-02,2021,3,177879,31128,146750,82.5
RG019,Edmonton West,Alberta,2021-03-02,2021,3,43053,18986,24066,55.9
RG020,Montreal Central,Quebec,2021-03-02,2021,3,56318,21457,34860,61.9
RG021,Montreal East,Quebec,2021-03-02,2021,3,101023,45157,55865,55.3
RG022,Montreal West,Quebec,2021-03-02,2021,3,156540,25985,130554,83.4
RG023,Laval,Quebec,2021-03-02,2021,3,92146,43677,48468,52.6
RG024,Quebec City,Quebec,2021-03-02,2021,3,58951,25172,33778,57.3
RG001,Toronto Central,Ontario,2021-04-01,2021,4,263113,60252,202860,77.1
RG002,Toronto North,Ontario,2021-04-01,2021,4,279129,121979,157149,56.3
RG003,Toronto East,Ontario,2021-04-01,2021,4,213645,58752,154892,72.5
RG004,Toronto West,Ontario,2021-04-01,2021,4,208384,83770,124613,59.8
RG005,Mississauga,Ontario,2021-04-01,2021,4,215767,32365,183401,85.0
RG006,Brampton,Ontario,2021-04-01,2021,4,158080,25925,132154,83.6
RG007,Hamilton,Ontario,2021-04-01,2021,4,269631,103807,165823,61.5
RG008,Ottawa,Ontario,2021-04-01,2021,4,81350,16188,65161,80.1
RG009,Vancouver Downtown,British Columbia,2021-04-01,2021,4,121124,38517,82606,68.2
RG010,Vancouver East,British Columbia,2021-04-01,2021,4,118840,50744,68095,57.3
RG011,Vancouver West,British Columbia,2021-04-01,2021,4,146867,27904,118962,81.0
RG012,Burnaby,British Columbia,2021-04-01,2021,4,148773,37193,111579,75.0
RG013,Surrey,British Columbia,2021-04-01,2021,4,254751,110816,143934,56.5
RG014,Richmond,British Columbia,2021-04-01,2021,4,236763,102044,134718,56.9
RG015,Calgary Downtown,Alberta,2021-04-01,2021,4,158457,70513,87943,55.5
RG016,Calgary North,Alberta,2021-04-01,2021,4,200574,93266,107307,53.5
RG017,Calgary South,Alberta,2021-04-01,2021,4,134440,21107,113332,84.3
RG018,Edmonton Central,Alberta,2021-04-01,2021,4,169843,29722,140120,82.5
RG019,Edmonton West,Alberta,2021-04-01,2021,4,42993,18959,24033,55.9
RG020,Montreal Central,Quebec,2021-04-01,2021,4,53993,20571,33421,61.9
RG021,Montreal East,Quebec,2021-04-01,2021,4,102073,45626,56446,55.3
RG022,Montreal West,Quebec,2021-04-01,2021,4,148596,24666,123929,83.4
RG023,Laval,Quebec,2021-04-01,2021,4,91294,43273,48020,52.6
RG024,Quebec City,Quebec,2021-04-01,2021,4,62870,26845,36024,57.3
RG001,Toronto Central,Ontario,2021-05-01,2021,5,263970,60449,203520,77.1
RG002,Toronto North,Ontario,2021-05-01,2021,5,282658,123521,159136,56.3
RG003,Toronto East,Ontario,2021-05-01,2021,5,216928,59655,157272,72.5
RG004,Toronto West,Ontario,2021-05-01,2021,5,216285,86946,129338,59.8
RG005,Mississauga,Ontario,2021-05-01,2021,5,214532,32179,182352,85.0
RG006,Brampton,Ontario,2021-05-01,2021,5,156867,25726,131140,83.6
RG007,Hamilton,Ontario,2021-05-01,2021,5,255942,98537,157404,61.5
RG008,Ottawa,Ontario,2021-05-01,2021,5,78318,15585,62732,80.1
RG009,Vancouver Downtown,British Columbia,2021-05-01,2021,5,129939,41320,88618,68.2
RG010,Vancouver East,British Columbia,2021-05-01,2021,5,110139,47029,63109,57.3
RG011,Vancouver West,British Columbia,2021-05-01,2021,5,146374,27811,118562,81.0
RG012,Burnaby,British Columbia,2021-05-01,2021,5,153029,38257,114771,75.0
RG013,Surrey,British Columbia,2021-05-01,2021,5,272002,118320,153681,56.5
RG014,Richmond,British Columbia,2021-05-01,2021,5,229659,98983,130675,56.9
RG015,Calgary Downtown,Alberta,2021-05-01,2021,5,159201,70844,88356,55.5
RG016,Calgary North,Alberta,2021-05-01,2021,5,204509,95096,109412,53.5
RG017,Calgary South,Alberta,2021-05-01,2021,5,135025,21198,113826,84.3
RG018,Edmonton Central,Alberta,2021-05-01,2021,5,178054,31159,146894,82.5
RG019,Edmonton West,Alberta,2021-05-01,2021,5,42245,18630,23614,55.9
RG020,Montreal Central,Quebec,2021-05-01,2021,5,54920,20924,33995,61.9
RG021,Montreal East,Quebec,2021-05-01,2021,5,103650,46331,57318,55.3
RG022,Montreal West,Quebec,2021-05-01,2021,5,147155,24427,122727,83.4
RG023,Laval,Quebec,2021-05-01,2021,5,93987,44549,49437,52.6
RG024,Quebec City,Quebec,2021-05-01,2021,5,62206,26561,35644,57.3
RG001,Toronto Central,Ontario,2021-05-31,2021,5,271505,62174,209330,77.1
RG002,Toronto North,Ontario,2021-05-31,2021,5,263280,115053,148226,56.3
RG003,Toronto East,Ontario,2021-05-31,2021,5,211122,58058,153063,72.5
RG004,Toronto West,Ontario,2021-05-31,2021,5,212003,85225,126777,59.8
RG005,Mississauga,Ontario,2021-05-31,2021,5,209585,31437,178147,85.0
RG006,Brampton,Ontario,2021-05-31,2021,5,164247,26936,137310,83.6
RG007,Hamilton,Ontario,2021-05-31,2021,5,265024,102034,162989,61.5
RG008,Ottawa,Ontario,2021-05-31,2021,5,77925,15507,62417,80.1
RG009,Vancouver Downtown,British Columbia,2021-05-31,2021,5,119868,38118,81749,68.2
RG010,Vancouver East,British Columbia,2021-05-31,2021,5,117221,50053,67167,57.3
RG011,Vancouver West,British Columbia,2021-05-31,2021,5,148133,28145,119987,81.0
RG012,Burnaby,British Columbia,2021-05-31,2021,5,150897,37724,113172,75.0
RG013,Surrey,British Columbia,2021-05-31,2021,5,279984,121793,158190,56.5
RG014,Richmond,British Columbia,2021-05-31,2021,5,234956,101266,133689,56.9
RG015,Calgary Downtown,Alberta,2021-05-31,2021,5,155378,69143,86234,55.5
RG016,Calgary North,Alberta,2021-05-31,2021,5,209917,97611,112305,53.5
RG017,Calgary South,Alberta,2021-05-31,2021,5,142822,22423,120398,84.3
RG018,Edmonton Central,Alberta,2021-05-31,2021,5,177946,31140,146805,82.5
RG019,Edmonton West,Alberta,2021-05-31,2021,5,43587,19221,24365,55.9
RG020,Montreal Central,Quebec,2021-05-31,2021,5,52739,20093,32645,61.9
RG021,Montreal East,Quebec,2021-05-31,2021,5,107247,47939,59307,55.3
RG022,Montreal West,Quebec,2021-05-31,2021,5,151100,25082,126017,83.4
RG023,Laval,Quebec,2021-05-31,2021,5,97110,46030,51079,52.6
RG024,Quebec City,Quebec,2021-05-31,2021,5,61350,26196,35153,57.3
RG001,Toronto Central,Ontario,2021-06-30,2021,6,267126,61171,205954,77.1
RG002,Toronto North,Ontario,2021-06-30,2021,6,298588,130482,168105,56.3
RG003,Toronto East,Ontario,2021-06-30,2021,6,228362,62799,165562,72.5
RG004,Toronto West,Ontario,2021-06-30,2021,6,229132,92111,137020,59.8
RG005,Mississauga,Ontario,2021-06-30,2021,6,221438,33215,188222,85.0
RG006,Brampton,Ontario,2021-06-30,2021,6,165100,27076,138023,83.6
RG007,Hamilton,Ontario,2021-06-30,2021,6,289615,111501,178113,61.5
RG008,Ottawa,Ontario,2021-06-30,2021,6,80977,16114,64862,80.1
RG009,Vancouver Downtown,British Columbia,2021-06-30,2021,6,133854,42565,91288,68.2
RG010,Vancouver East,British Columbia,2021-06-30,2021,6,122537,52323,70213,57.3
RG011,Vancouver West,British Columbia,2021-06-30,2021,6,152753,29023,123729,81.0
RG012,Burnaby,British Columbia,2021-06-30,2021,6,167509,41877,125631,75.0
RG013,Surrey,British Columbia,2021-06-30,2021,6,271159,117954,153204,56.5
RG014,Richmond,British Columbia,2021-06-30,2021,6,245901,105983,139917,56.9
RG015,Calgary Downtown,Alberta,2021-06-30,2021,6,165730,73749,91980,55.5
RG016,Calgary North,Alberta,2021-06-30,2021,6,219137,101898,117238,53.5
RG017,Calgary South,Alberta,2021-06-30,2021,6,141773,22258,119514,84.3
RG018,Edmonton Central,Alberta,2021-06-30,2021,6,177041,30982,146058,82.5
RG019,Edmonton West,Alberta,2021-06-30,2021,6,44103,19449,24653,55.9
RG020,Montreal Central,Quebec,2021-06-30,2021,6,54834,20891,33942,61.9
RG021,Montreal East,Quebec,2021-06-30,2021,6,113676,50813,62862,55.3
RG022,Montreal West,Quebec,2021-06-30,2021,6,151165,25093,126071,83.4
RG023,Laval,Quebec,2021-06-30,2021,6,96737,45853,50883,52.6
RG024,Quebec City,Quebec,2021-06-30,2021,6,61068,26076,34991,57.3
RG001,Toronto Central,Ontario,2021-07-30,2021,7,274014,62749,211264,77.1
RG002,Toronto North,Ontario,2021-07-30,2021,7,292350,127756,164593,56.3
RG003,Toronto East,Ontario,2021-07-30,2021,7,221710,60970,160739,72.5
RG004,Toronto West,Ontario,2021-07-30,2021,7,220873,88790,132082,59.8
RG005,Mississauga,Ontario,2021-07-30,2021,7,207843,31176,176666,85.0
RG006,Brampton,Ontario,2021-07-30,2021,7,166114,27242,138871,83.6
RG007,Hamilton,Ontario,2021-07-30,2021,7,287377,110640,176736,61.5
RG008,Ottawa,Ontario,2021-07-30,2021,7,82802,16477,66324,80.1
RG009,Vancouver Downtown,British Columbia,2021-07-30,2021,7,127374,40504,86869,68.2
RG010,Vancouver East,British Columbia,2021-07-30,2021,7,119914,51203,68710,57.3
RG011,Vancouver West,British Columbia,2021-07-30,2021,7,148266,28170,120095,81.0
RG012,Burnaby,British Columbia,2021-07-30,2021,7,154426,38606,115819,75.0
RG013,Surrey,British Columbia,2021-07-30,2021,7,293394,127626,165767,56.5
RG014,Richmond,British Columbia,2021-07-30,2021,7,236158,101784,134373,56.9
RG015,Calgary Downtown,Alberta,2021-07-30,2021,7,164353,73137,91215,55.5
RG016,Calgary North,Alberta,2021-07-30,2021,7,213927,99476,114450,53.5
RG017,Calgary South,Alberta,2021-07-30,2021,7,143160,22476,120683,84.3
RG018,Edmonton Central,Alberta,2021-07-30,2021,7,187299,32777,154521,82.5
RG019,Edmonton West,Alberta,2021-07-30,2021,7,46248,20395,25852,55.9
RG020,Montreal Central,Quebec,2021-07-30,2021,7,58597,22325,36271,61.9
RG021,Montreal East,Quebec,2021-07-30,2021,7,111255,49730,61524,55.3
RG022,Montreal West,Quebec,2021-07-30,2021,7,165198,27422,137775,83.4
RG023,Laval,Quebec,2021-07-30,2021,7,103463,49041,54421,52.6
RG024,Quebec City,Quebec,2021-07-30,2021,7,63435,27086,36348,57.3
RG001,Toronto Central,Ontario,2021-08-29,2021,8,267241,61198,206042,77.1
RG002,Toronto North,Ontario,2021-08-29,2021,8,294593,128737,165855,56.3
RG003,Toronto East,Ontario,2021-08-29,2021,8,212504,58438,154065,72.5
RG004,Toronto West,Ontario,2021-08-29,2021,8,236796,95191,141604,59.8
RG005,Mississauga,Ontario,2021-08-29,2021,8,221662,33249,188412,85.0
RG006,Brampton,Ontario,2021-08-29,2021,8,175213,28734,146478,83.6
RG007,Hamilton,Ontario,2021-08-29,2021,8,279994,107797,172196,61.5
RG008,Ottawa,Ontario,2021-08-29,2021,8,79344,15789,63554,80.1
RG009,Vancouver Downtown,British Columbia,2021-08-29,2021,8,136701,43470,93230,68.2
RG010,Vancouver East,British Columbia,2021-08-29,2021,8,115105,49149,65955,57.3
RG011,Vancouver West,British Columbia,2021-08-29,2021,8,146563,27846,118716,81.0
RG012,Burnaby,British Columbia,2021-08-29,2021,8,159730,39932,119797,75.0
RG013,Surrey,British Columbia,2021-08-29,2021,8,285356,124129,161226,56.5
RG014,Richmond,British Columbia,2021-08-29,2021,8,244490,105375,139114,56.9
RG015,Calgary Downtown,Alberta,2021-08-29,2021,8,158912,70715,88196,55.5
RG016,Calgary North,Alberta,2021-08-29,2021,8,223282,103826,119455,53.5
RG017,Calgary South,Alberta,2021-08-29,2021,8,154131,24198,129932,84.3
RG018,Edmonton Central,Alberta,2021-08-29,2021,8,178683,31269,147413,82.5
RG019,Edmonton West,Alberta,2021-08-29,2021,8,42646,18806,23839,55.9
RG020,Montreal Central,Quebec,2021-08-29,2021,8,57983,22091,35891,61.9
RG021,Montreal East,Quebec,2021-08-29,2021,8,111473,49828,61644,55.3
RG022,Montreal West,Quebec,2021-08-29,2021,8,160303,26610,133692,83.4
RG023,Laval,Quebec,2021-08-29,2021,8,102948,48797,54150,52.6
RG024,Quebec City,Quebec,2021-08-29,2021,8,63717,27207,36509,57.3
RG001,Toronto Central,Ontario,2021-09-28,2021,9,272977,62511,210465,77.1
RG002,Toronto North,Ontario,2021-09-28,2021,9,286719,125296,161422,56.3
RG003,Toronto East,Ontario,2021-09-28,2021,9,209881,57717,152163,72.5
RG004,Toronto West,Ontario,2021-09-28,2021,9,225997,90850,135146,59.8
RG005,Mississauga,Ontario,2021-09-28,2021,9,198443,29766,168676,85.0
RG006,Brampton,Ontario,2021-09-28,2021,9,151368,24824,126543,83.6
RG007,Hamilton,Ontario,2021-09-28,2021,9,275110,105917,169192,61.5
RG008,Ottawa,Ontario,2021-09-28,2021,9,82097,16337,65759,80.1
RG009,Vancouver Downtown,British Columbia,2021-09-28,2021,9,131407,41787,89619,68.2
RG010,Vancouver East,British Columbia,2021-09-28,2021,9,109997,46968,63028,57.3
RG011,Vancouver West,British Columbia,2021-09-28,2021,9,139939,26588,113350,81.0
RG012,Burnaby,British Columbia,2021-09-28,2021,9,155675,38918,116756,75.0
RG013,Surrey,British Columbia,2021-09-28,2021,9,272803,118669,154133,56.5
RG014,Richmond,British Columbia,2021-09-28,2021,9,228928,98667,130260,56.9
RG015,Calgary Downtown,Alberta,2021-09-28,2021,9,157424,70053,87370,55.5
RG016,Calgary North,Alberta,2021-09-28,2021,9,206709,96119,110589,53.5
RG017,Calgary South,Alberta,2021-09-28,2021,9,137084,21522,115561,84.3
RG018,Edmonton Central,Alberta,2021-09-28,2021,9,169094,29591,139502,82.5
RG019,Edmonton West,Alberta,2021-09-28,2021,9,44437,19596,24840,55.9
RG020,Montreal Central,Quebec,2021-09-28,2021,9,55745,21238,34506,61.9
RG021,Montreal East,Quebec,2021-09-28,2021,9,109319,48865,60453,55.3
RG022,Montreal West,Quebec,2021-09-28,2021,9,154729,25685,129043,83.4
RG023,Laval,Quebec,2021-09-28,2021,9,91470,43356,48113,52.6
RG024,Quebec City,Quebec,2021-09-28,2021,9,59121,25244,33876,57.3
RG001,Toronto Central,Ontario,2021-10-28,2021,10,260600,59677,200922,77.1
RG002,Toronto North,Ontario,2021-10-28,2021,10,279304,122055,157248,56.3
RG003,Toronto East,Ontario,2021-10-28,2021,10,212183,58350,153832,72.5
RG004,Toronto West,Ontario,2021-10-28,2021,10,228749,91957,136791,59.8
RG005,Mississauga,Ontario,2021-10-28,2021,10,210101,31515,178585,85.0
RG006,Brampton,Ontario,2021-10-28,2021,10,154573,25349,129223,83.6
RG007,Hamilton,Ontario,2021-10-28,2021,10,277826,106963,170862,61.5
RG008,Ottawa,Ontario,2021-10-28,2021,10,75743,15072,60670,80.1
RG009,Vancouver Downtown,British Columbia,2021-10-28,2021,10,125384,39872,85511,68.2
RG010,Vancouver East,British Columbia,2021-10-28,2021,10,119127,50867,68259,57.3
RG011,Vancouver West,British Columbia,2021-10-28,2021,10,145930,27726,118203,81.0
RG012,Burnaby,British Columbia,2021-10-28,2021,10,151567,37891,113675,75.0
RG013,Surrey,British Columbia,2021-10-28,2021,10,273152,118821,154330,56.5
RG014,Richmond,British Columbia,2021-10-28,2021,10,233971,100841,133129,56.9
RG015,Calgary Downtown,Alberta,2021-10-28,2021,10,152291,67769,84521,55.5
RG016,Calgary North,Alberta,2021-10-28,2021,10,206673,96102,110570,53.5
RG017,Calgary South,Alberta,2021-10-28,2021,10,143028,22455,120572,84.3
RG018,Edmonton Central,Alberta,2021-10-28,2021,10,175461,30705,144755,82.5
RG019,Edmonton West,Alberta,2021-10-28,2021,10,43233,19065,24167,55.9
RG020,Montreal Central,Quebec,2021-10-28,2021,10,56944,21695,35248,61.9
RG021,Montreal East,Quebec,2021-10-28,2021,10,101909,45553,56355,55.3
RG022,Montreal West,Quebec,2021-10-28,2021,10,146152,24261,121890,83.4
RG023,Laval,Quebec,2021-10-28,2021,10,97543,46235,51307,52.6
RG024,Quebec City,Quebec,2021-10-28,2021,10,58289,24889,33399,57.3
RG001,Toronto Central,Ontario,2021-11-27,2021,11,319384,73138,246245,77.1
RG002,Toronto North,Ontario,2021-11-27,2021,11,312546,136582,175963,56.3
RG003,Toronto East,Ontario,2021-11-27,2021,11,249856,68710,181145,72.5
RG004,Toronto West,Ontario,2021-11-27,2021,11,243317,97813,145503,59.8
RG005,Mississauga,Ontario,2021-11-27,2021,11,251874,37781,214092,85.0
RG006,Brampton,Ontario,2021-11-27,2021,11,181700,29798,151901,83.6
RG007,Hamilton,Ontario,2021-11-27,2021,11,312523,120321,192201,61.5
RG008,Ottawa,Ontario,2021-11-27,2021,11,89934,17896,72037,80.1
RG009,Vancouver Downtown,British Columbia,2021-11-27,2021,11,150422,47834,102587,68.2
RG010,Vancouver East,British Columbia,2021-11-27,2021,11,139047,59373,79673,57.3
RG011,Vancouver West,British Columbia,2021-11-27,2021,11,168447,32004,136442,81.0
RG012,Burnaby,British Columbia,2021-11-27,2021,11,184805,46201,138603,75.0
RG013,Surrey,British Columbia,2021-11-27,2021,11,304867,132617,172249,56.5
RG014,Richmond,British Columbia,2021-11-27,2021,11,263670,113641,150028,56.9
RG015,Calgary Downtown,Alberta,2021-11-27,2021,11,181045,80565,100479,55.5
RG016,Calgary North,Alberta,2021-11-27,2021,11,226072,105123,120948,53.5
RG017,Calgary South,Alberta,2021-11-27,2021,11,169891,26672,143218,84.3
RG018,Edmonton Central,Alberta,2021-11-27,2021,11,195725,34251,161473,82.5
RG019,Edmonton West,Alberta,2021-11-27,2021,11,48453,21367,27085,55.9
RG020,Montreal Central,Quebec,2021-11-27,2021,11,64656,24633,40022,61.9
RG021,Montreal East,Quebec,2021-11-27,2021,11,121400,54265,67134,55.3
RG022,Montreal West,Quebec,2021-11-27,2021,11,172511,28636,143874,83.4
RG023,Laval,Quebec,2021-11-27,2021,11,110046,52161,57884,52.6
RG024,Quebec City,Quebec,2021-11-27,2021,11,72026,30755,41270,57.3
RG001,Toronto Central,Ontario,2021-12-27,2021,12,308496,70645,237850,77.1
RG002,Toronto North,Ontario,2021-12-27,2021,12,328629,143610,185018,56.3
RG003,Toronto East,Ontario,2021-12-27,2021,12,235239,64690,170548,72.5
RG004,Toronto West,Ontario,2021-12-27,2021,12,255546,102729,152816,59.8
RG005,Mississauga,Ontario,2021-12-27,2021,12,241628,36244,205383,85.0
RG006,Brampton,Ontario,2021-12-27,2021,12,192099,31504,160594,83.6
RG007,Hamilton,Ontario,2021-12-27,2021,12,292304,112537,179766,61.5
RG008,Ottawa,Ontario,2021-12-27,2021,12,95604,19025,76578,80.1
RG009,Vancouver Downtown,British Columbia,2021-12-27,2021,12,137982,43878,94103,68.2
RG010,Vancouver East,British Columbia,2021-12-27,2021,12,135104,57689,77414,57.3
RG011,Vancouver West,British Columbia,2021-12-27,2021,12,159740,30350,129389,81.0
RG012,Burnaby,British Columbia,2021-12-27,2021,12,180640,45160,135480,75.0
RG013,Surrey,British Columbia,2021-12-27,2021,12,325198,141461,183736,56.5
RG014,Richmond,British Columbia,2021-12-27,2021,12,281436,121298,160137,56.9
RG015,Calgary Downtown,Alberta,2021-12-27,2021,12,184781,82227,102553,55.5
RG016,Calgary North,Alberta,2021-12-27,2021,12,249064,115814,133249,53.5
RG017,Calgary South,Alberta,2021-12-27,2021,12,160355,25175,135179,84.3
RG018,Edmonton Central,Alberta,2021-12-27,2021,12,202065,35361,166703,82.5
RG019,Edmonton West,Alberta,2021-12-27,2021,12,47634,21006,26627,55.9
RG020,Montreal Central,Quebec,2021-12-27,2021,12,61750,23526,38223,61.9
RG021,Montreal East,Quebec,2021-12-27,2021,12,127500,56992,70507,55.3
RG022,Montreal West,Quebec,2021-12-27,2021,12,173024,28721,144302,83.4
RG023,Laval,Quebec,2021-12-27,2021,12,110138,52205,57932,52.6
RG024,Quebec City,Quebec,2021-12-27,2021,12,67548,28842,38705,57.3
RG001,Toronto Central,Ontario,2022-01-26,2022,1,248439,56892,191546,77.1
RG002,Toronto North,Ontario,2022-01-26,2022,1,246080,107536,138543,56.3
RG003,Toronto East,Ontario,2022-01-26,2022,1,185043,50886,134156,72.5
RG004,Toronto West,Ontario,2022-01-26,2022,1,197369,79342,118026,59.8
RG005,Mississauga,Ontario,2022-01-26,2022,1,187854,28178,159675,85.0
RG006,Brampton,Ontario,2022-01-26,2022,1,138134,22653,115480,83.6
RG007,Hamilton,Ontario,2022-01-26,2022,1,237196,91320,145875,61.5
RG008,Ottawa,Ontario,2022-01-26,2022,1,73532,14632,58899,80.1
RG009,Vancouver Downtown,British Columbia,2022-01-26,2022,1,117434,37344,80089,68.2
RG010,Vancouver East,British Columbia,2022-01-26,2022,1,103512,44199,59312,57.3
RG011,Vancouver West,British Columbia,2022-01-26,2022,1,133838,25429,108408,81.0
RG012,Burnaby,British Columbia,2022-01-26,2022,1,140702,35175,105526,75.0
RG013,Surrey,British Columbia,2022-01-26,2022,1,255215,111018,144196,56.5
RG014,Richmond,British Columbia,2022-01-26,2022,1,206399,88957,117441,56.9
RG015,Calgary Downtown,Alberta,2022-01-26,2022,1,144654,64371,80282,55.5
RG016,Calgary North,Alberta,2022-01-26,2022,1,179158,83308,95849,53.5
RG017,Calgary South,Alberta,2022-01-26,2022,1,121159,19021,102137,84.3
RG018,Edmonton Central,Alberta,2022-01-26,2022,1,158078,27663,130414,82.5
RG019,Edmonton West,Alberta,2022-01-26,2022,1,38425,16945,21479,55.9
RG020,Montreal Central,Quebec,2022-01-26,2022,1,49336,18797,30538,61.9
RG021,Montreal East,Quebec,2022-01-26,2022,1,97858,43742,54115,55.3
RG022,Montreal West,Quebec,2022-01-26,2022,1,141086,23420,117665,83.4
RG023,Laval,Quebec,2022-01-26,2022,1,84830,40209,44620,52.6
RG024,Quebec City,Quebec,2022-01-26,2022,1,55549,23719,31829,57.3
RG001,Toronto Central,Ontario,2022-02-25,2022,2,253149,57971,195177,77.1
RG002,Toronto North,Ontario,2022-02-25,2022,2,238264,104121,134142,56.3
RG003,Toronto East,Ontario,2022-02-25,2022,2,187722,51623,136098,72.5
RG004,Toronto West,Ontario,2022-02-25,2022,2,195117,78437,116679,59.8
RG005,Mississauga,Ontario,2022-02-25,2022,2,185135,27770,157364,85.0
RG006,Brampton,Ontario,2022-02-25,2022,2,137484,22547,114936,83.6
RG007,Hamilton,Ontario,2022-02-25,2022,2,248051,95499,152551,61.5
RG008,Ottawa,Ontario,2022-02-25,2022,2,70386,14006,56379,80.1
RG009,Vancouver Downtown,British Columbia,2022-02-25,2022,2,110886,35261,75624,68.2
RG010,Vancouver East,British Columbia,2022-02-25,2022,2,105782,45168,60613,57.3
RG011,Vancouver West,British Columbia,2022-02-25,2022,2,132076,25094,106981,81.0
RG012,Burnaby,British Columbia,2022-02-25,2022,2,142320,35580,106740,75.0
RG013,Surrey,British Columbia,2022-02-25,2022,2,247751,107771,139979,56.5
RG014,Richmond,British Columbia,2022-02-25,2022,2,223545,96347,127197,56.9
RG015,Calgary Downtown,Alberta,2022-02-25,2022,2,146086,65008,81077,55.5
RG016,Calgary North,Alberta,2022-02-25,2022,2,181467,84382,97084,53.5
RG017,Calgary South,Alberta,2022-02-25,2022,2,124246,19506,104739,84.3
RG018,Edmonton Central,Alberta,2022-02-25,2022,2,157609,27581,130027,82.5
RG019,Edmonton West,Alberta,2022-02-25,2022,2,37390,16488,20901,55.9
RG020,Montreal Central,Quebec,2022-02-25,2022,2,52148,19868,32279,61.9
RG021,Montreal East,Quebec,2022-02-25,2022,2,95438,42660,52777,55.3
RG022,Montreal West,Quebec,2022-02-25,2022,2,130082,21593,108488,83.4
RG023,Laval,Quebec,2022-02-25,2022,2,85915,40723,45191,52.6
RG024,Quebec City,Quebec,2022-02-25,2022,2,57525,24563,32961,57.3
RG001,Toronto Central,Ontario,2022-03-27,2022,3,277994,63660,214333,77.1
RG002,Toronto North,Ontario,2022-03-27,2022,3,287319,125558,161760,56.3
RG003,Toronto East,Ontario,2022-03-27,2022,3,208980,57469,151510,72.5
RG004,Toronto West,Ontario,2022-03-27,2022,3,217308,87357,129950,59.8
RG005,Mississauga,Ontario,2022-03-27,2022,3,202002,30300,171701,85.0
RG006,Brampton,Ontario,2022-03-27,2022,3,153704,25207,128496,83.6
RG007,Hamilton,Ontario,2022-03-27,2022,3,259845,100040,159804,61.5
RG008,Ottawa,Ontario,2022-03-27,2022,3,78104,15542,62561,80.1
RG009,Vancouver Downtown,British Columbia,2022-03-27,2022,3,132034,41986,90047,68.2
RG010,Vancouver East,British Columbia,2022-03-27,2022,3,117110,50005,67104,57.3
RG011,Vancouver West,British Columbia,2022-03-27,2022,3,144800,27512,117288,81.0
RG012,Burnaby,British Columbia,2022-03-27,2022,3,161412,40353,121059,75.0
RG013,Surrey,British Columbia,2022-03-27,2022,3,280033,121814,158218,56.5
RG014,Richmond,British Columbia,2022-03-27,2022,3,235829,101642,134186,56.9
RG015,Calgary Downtown,Alberta,2022-03-27,2022,3,153505,68309,85195,55.5
RG016,Calgary North,Alberta,2022-03-27,2022,3,198234,92178,106055,53.5
RG017,Calgary South,Alberta,2022-03-27,2022,3,146602,23016,123585,84.3
RG018,Edmonton Central,Alberta,2022-03-27,2022,3,172216,30137,142078,82.5
RG019,Edmonton West,Alberta,2022-03-27,2022,3,41491,18297,23193,55.9
RG020,Montreal Central,Quebec,2022-03-27,2022,3,57278,21822,35455,61.9
RG021,Montreal East,Quebec,2022-03-27,2022,3,112351,50220,62130,55.3
RG022,Montreal West,Quebec,2022-03-27,2022,3,149336,24789,124546,83.4
RG023,Laval,Quebec,2022-03-27,2022,3,94622,44850,49771,52.6
RG024,Quebec City,Quebec,2022-03-27,2022,3,63651,27178,36472,57.3
RG001,Toronto Central,Ontario,2022-04-26,2022,4,279178,63931,215246,77.1
RG002,Toronto North,Ontario,2022-04-26,2022,4,274263,119852,154410,56.3
RG003,Toronto East,Ontario,2022-04-26,2022,4,219301,60307,158993,72.5
RG004,Toronto West,Ontario,2022-04-26,2022,4,219014,88043,130970,59.8
RG005,Mississauga,Ontario,2022-04-26,2022,4,215170,32275,182894,85.0
RG006,Brampton,Ontario,2022-04-26,2022,4,154531,25343,129187,83.6
RG007,Hamilton,Ontario,2022-04-26,2022,4,276318,106382,169935,61.5
RG008,Ottawa,Ontario,2022-04-26,2022,4,76245,15172,61072,80.1
RG009,Vancouver Downtown,British Columbia,2022-04-26,2022,4,120717,38388,82328,68.2
RG010,Vancouver East,British Columbia,2022-04-26,2022,4,114851,49041,65809,57.3
RG011,Vancouver West,British Columbia,2022-04-26,2022,4,143721,27306,116414,81.0
RG012,Burnaby,British Columbia,2022-04-26,2022,4,160981,40245,120735,75.0
RG013,Surrey,British Columbia,2022-04-26,2022,4,275820,119981,155838,56.5
RG014,Richmond,British Columbia,2022-04-26,2022,4,246464,106225,140238,56.9
RG015,Calgary Downtown,Alberta,2022-04-26,2022,4,162678,72391,90286,55.5
RG016,Calgary North,Alberta,2022-04-26,2022,4,210786,98015,112770,53.5
RG017,Calgary South,Alberta,2022-04-26,2022,4,147320,23129,124190,84.3
RG018,Edmonton Central,Alberta,2022-04-26,2022,4,175431,30700,144730,82.5
RG019,Edmonton West,Alberta,2022-04-26,2022,4,43498,19182,24315,55.9
RG020,Montreal Central,Quebec,2022-04-26,2022,4,56180,21404,34775,61.9
RG021,Montreal East,Quebec,2022-04-26,2022,4,111096,49659,61436,55.3
RG022,Montreal West,Quebec,2022-04-26,2022,4,159963,26553,133409,83.4
RG023,Laval,Quebec,2022-04-26,2022,4,96141,45570,50570,52.6
RG024,Quebec City,Quebec,2022-04-26,2022,4,60078,25653,34424,57.3
RG001,Toronto Central,Ontario,2022-05-26,2022,5,267250,61200,206049,77.1
RG002,Toronto North,Ontario,2022-05-26,2022,5,286668,125273,161394,56.3
RG003,Toronto East,Ontario,2022-05-26,2022,5,209321,57563,151757,72.5
RG004,Toronto West,Ontario,2022-05-26,2022,5,225835,90785,135049,59.8
RG005,Mississauga,Ontario,2022-05-26,2022,5,204177,30626,173550,85.0
RG006,Brampton,Ontario,2022-05-26,2022,5,153960,25249,128710,83.6
RG007,Hamilton,Ontario,2022-05-26,2022,5,257737,99228,158508,61.5
RG008,Ottawa,Ontario,2022-05-26,2022,5,81918,16301,65616,80.1
RG009,Vancouver Downtown,British Columbia,2022-05-26,2022,5,127977,40696,87280,68.2
RG010,Vancouver East,British Columbia,2022-05-26,2022,5,111337,47540,63796,57.3
RG011,Vancouver West,British Columbia,2022-05-26,2022,5,144989,27547,117441,81.0
RG012,Burnaby,British Columbia,2022-05-26,2022,5,158399,39599,118799,75.0
RG013,Surrey,British Columbia,2022-05-26,2022,5,272775,118657,154117,56.5
RG014,Richmond,British Columbia,2022-05-26,2022,5,241675,104161,137513,56.9
RG015,Calgary Downtown,Alberta,2022-05-26,2022,5,157486,70081,87404,55.5
RG016,Calgary North,Alberta,2022-05-26,2022,5,202481,94153,108327,53.5
RG017,Calgary South,Alberta,2022-05-26,2022,5,146191,22951,123239,84.3
RG018,Edmonton Central,Alberta,2022-05-26,2022,5,176555,30897,145657,82.5
RG019,Edmonton West,Alberta,2022-05-26,2022,5,43162,19034,24127,55.9
RG020,Montreal Central,Quebec,2022-05-26,2022,5,54587,20797,33789,61.9
RG021,Montreal East,Quebec,2022-05-26,2022,5,105776,47281,58494,55.3
RG022,Montreal West,Quebec,2022-05-26,2022,5,152482,25312,127169,83.4
RG023,Laval,Quebec,2022-05-26,2022,5,97144,46046,51097,52.6
RG024,Quebec City,Quebec,2022-05-26,2022,5,63706,27202,36503,57.3
RG001,Toronto Central,Ontario,2022-06-25,2022,6,285145,65298,219846,77.1
RG002,Toronto North,Ontario,2022-06-25,2022,6,289426,126479,162946,56.3
RG003,Toronto East,Ontario,2022-06-25,2022,6,228776,62913,165862,72.5
RG004,Toronto West,Ontario,2022-06-25,2022,6,235029,94481,140547,59.8
RG005,Mississauga,Ontario,2022-06-25,2022,6,213020,31953,181067,85.0
RG006,Brampton,Ontario,2022-06-25,2022,6,169427,27786,141640,83.6
RG007,Hamilton,Ontario,2022-06-25,2022,6,268994,103562,165431,61.5
RG008,Ottawa,Ontario,2022-06-25,2022,6,80686,16056,64629,80.1
RG009,Vancouver Downtown,British Columbia,2022-06-25,2022,6,137276,43653,93622,68.2
RG010,Vancouver East,British Columbia,2022-06-25,2022,6,126346,53949,72396,57.3
RG011,Vancouver West,British Columbia,2022-06-25,2022,6,146655,27864,118790,81.0
RG012,Burnaby,British Columbia,2022-06-25,2022,6,166994,41748,125245,75.0
RG013,Surrey,British Columbia,2022-06-25,2022,6,291947,126996,164950,56.5
RG014,Richmond,British Columbia,2022-06-25,2022,6,256845,110700,146144,56.9
RG015,Calgary Downtown,Alberta,2022-06-25,2022,6,167095,74357,92737,55.5
RG016,Calgary North,Alberta,2022-06-25,2022,6,211971,98566,113404,53.5
RG017,Calgary South,Alberta,2022-06-25,2022,6,143936,22597,121338,84.3
RG018,Edmonton Central,Alberta,2022-06-25,2022,6,184749,32331,152417,82.5
RG019,Edmonton West,Alberta,2022-06-25,2022,6,46060,20312,25747,55.9
RG020,Montreal Central,Quebec,2022-06-25,2022,6,57682,21976,35705,61.9
RG021,Montreal East,Quebec,2022-06-25,2022,6,115579,51663,63915,55.3
RG022,Montreal West,Quebec,2022-06-25,2022,6,158881,26374,132506,83.4
RG023,Laval,Quebec,2022-06-25,2022,6,102634,48648,53985,52.6
RG024,Quebec City,Quebec,2022-06-25,2022,6,61491,26256,35234,57.3
RG001,Toronto Central,Ontario,2022-07-25,2022,7,277144,63465,213678,77.1
RG002,Toronto North,Ontario,2022-07-25,2022,7,304541,133084,171456,56.3
RG003,Toronto East,Ontario,2022-07-25,2022,7,226007,62151,163855,72.5
RG004,Toronto West,Ontario,2022-07-25,2022,7,232178,93335,138842,59.8
RG005,Mississauga,Ontario,2022-07-25,2022,7,220166,33024,187141,85.0
RG006,Brampton,Ontario,2022-07-25,2022,7,171418,28112,143305,83.6
RG007,Hamilton,Ontario,2022-07-25,2022,7,278944,107393,171550,61.5
RG008,Ottawa,Ontario,2022-07-25,2022,7,84912,16897,68014,80.1
RG009,Vancouver Downtown,British Columbia,2022-07-25,2022,7,130823,41601,89221,68.2
RG010,Vancouver East,British Columbia,2022-07-25,2022,7,121037,51682,69354,57.3
RG011,Vancouver West,British Columbia,2022-07-25,2022,7,147569,28038,119530,81.0
RG012,Burnaby,British Columbia,2022-07-25,2022,7,157419,39354,118064,75.0
RG013,Surrey,British Columbia,2022-07-25,2022,7,289316,125852,163463,56.5
RG014,Richmond,British Columbia,2022-07-25,2022,7,258074,111229,146844,56.9
RG015,Calgary Downtown,Alberta,2022-07-25,2022,7,175125,77930,97194,55.5
RG016,Calgary North,Alberta,2022-07-25,2022,7,210308,97793,112514,53.5
RG017,Calgary South,Alberta,2022-07-25,2022,7,154403,24241,130161,84.3
RG018,Edmonton Central,Alberta,2022-07-25,2022,7,183182,32056,151125,82.5
RG019,Edmonton West,Alberta,2022-07-25,2022,7,47312,20864,26447,55.9
RG020,Montreal Central,Quebec,2022-07-25,2022,7,60310,22978,37331,61.9
RG021,Montreal East,Quebec,2022-07-25,2022,7,115201,51494,63706,55.3
RG022,Montreal West,Quebec,2022-07-25,2022,7,154908,25714,129193,83.4
RG023,Laval,Quebec,2022-07-25,2022,7,101367,48047,53319,52.6
RG024,Quebec City,Quebec,2022-07-25,2022,7,61703,26347,35355,57.3
RG001,Toronto Central,Ontario,2022-08-24,2022,8,275948,63192,212755,77.1
RG002,Toronto North,Ontario,2022-08-24,2022,8,286146,125045,161100,56.3
RG003,Toronto East,Ontario,2022-08-24,2022,8,228162,62744,165417,72.5
RG004,Toronto West,Ontario,2022-08-24,2022,8,223593,89884,133708,59.8
RG005,Mississauga,Ontario,2022-08-24,2022,8,228825,34323,194501,85.0
RG006,Brampton,Ontario,2022-08-24,2022,8,166431,27294,139136,83.6
RG007,Hamilton,Ontario,2022-08-24,2022,8,269576,103786,165789,61.5
RG008,Ottawa,Ontario,2022-08-24,2022,8,88690,17649,71040,80.1
RG009,Vancouver Downtown,British Columbia,2022-08-24,2022,8,130154,41388,88765,68.2
RG010,Vancouver East,British Columbia,2022-08-24,2022,8,126721,54109,72611,57.3
RG011,Vancouver West,British Columbia,2022-08-24,2022,8,146093,27757,118335,81.0
RG012,Burnaby,British Columbia,2022-08-24,2022,8,156968,39242,117726,75.0
RG013,Surrey,British Columbia,2022-08-24,2022,8,291066,126613,164452,56.5
RG014,Richmond,British Columbia,2022-08-24,2022,8,251873,108557,143315,56.9
RG015,Calgary Downtown,Alberta,2022-08-24,2022,8,161031,71658,89372,55.5
RG016,Calgary North,Alberta,2022-08-24,2022,8,210972,98101,112870,53.5
RG017,Calgary South,Alberta,2022-08-24,2022,8,156503,24570,131932,84.3
RG018,Edmonton Central,Alberta,2022-08-24,2022,8,175549,30721,144827,82.5
RG019,Edmonton West,Alberta,2022-08-24,2022,8,45583,20102,25480,55.9
RG020,Montreal Central,Quebec,2022-08-24,2022,8,61111,23283,37827,61.9
RG021,Montreal East,Quebec,2022-08-24,2022,8,113163,50583,62579,55.3
RG022,Montreal West,Quebec,2022-08-24,2022,8,168938,28043,140894,83.4
RG023,Laval,Quebec,2022-08-24,2022,8,103443,49031,54411,52.6
RG024,Quebec City,Quebec,2022-08-24,2022,8,65601,28011,37589,57.3
RG001,Toronto Central,Ontario,2022-09-23,2022,9,271631,62203,209427,77.1
RG002,Toronto North,Ontario,2022-09-23,2022,9,294163,128549,165613,56.3
RG003,Toronto East,Ontario,2022-09-23,2022,9,223369,61426,161942,72.5
RG004,Toronto West,Ontario,2022-09-23,2022,9,213330,85758,127571,59.8
RG005,Mississauga,Ontario,2022-09-23,2022,9,217214,32582,184631,85.0
RG006,Brampton,Ontario,2022-09-23,2022,9,160818,26374,134443,83.6
RG007,Hamilton,Ontario,2022-09-23,2022,9,281975,108560,173414,61.5
RG008,Ottawa,Ontario,2022-09-23,2022,9,77708,15463,62244,80.1
RG009,Vancouver Downtown,British Columbia,2022-09-23,2022,9,122760,39037,83722,68.2
RG010,Vancouver East,British Columbia,2022-09-23,2022,9,114248,48783,65464,57.3
RG011,Vancouver West,British Columbia,2022-09-23,2022,9,140269,26651,113617,81.0
RG012,Burnaby,British Columbia,2022-09-23,2022,9,157034,39258,117775,75.0
RG013,Surrey,British Columbia,2022-09-23,2022,9,282777,123007,159769,56.5
RG014,Richmond,British Columbia,2022-09-23,2022,9,241189,103952,137236,56.9
RG015,Calgary Downtown,Alberta,2022-09-23,2022,9,162969,72521,90447,55.5
RG016,Calgary North,Alberta,2022-09-23,2022,9,211338,98272,113065,53.5
RG017,Calgary South,Alberta,2022-09-23,2022,9,144733,22723,122009,84.3
RG018,Edmonton Central,Alberta,2022-09-23,2022,9,177534,31068,146465,82.5
RG019,Edmonton West,Alberta,2022-09-23,2022,9,43693,19268,24424,55.9
RG020,Montreal Central,Quebec,2022-09-23,2022,9,57282,21824,35457,61.9
RG021,Montreal East,Quebec,2022-09-23,2022,9,107575,48086,59488,55.3
RG022,Montreal West,Quebec,2022-09-23,2022,9,146473,24314,122158,83.4
RG023,Laval,Quebec,2022-09-23,2022,9,93075,44117,48957,52.6
RG024,Quebec City,Quebec,2022-09-23,2022,9,61105,26091,35013,57.3
RG001,Toronto Central,Ontario,2022-10-23,2022,10,274503,62861,211641,77.1
RG002,Toronto North,Ontario,2022-10-23,2022,10,289158,126362,162795,56.3
RG003,Toronto East,Ontario,2022-10-23,2022,10,214343,58944,155398,72.5
RG004,Toronto West,Ontario,2022-10-23,2022,10,211991,85220,126770,59.8
RG005,Mississauga,Ontario,2022-10-23,2022,10,202907,30436,172470,85.0
RG006,Brampton,Ontario,2022-10-23,2022,10,156088,25598,130489,83.6
RG007,Hamilton,Ontario,2022-10-23,2022,10,278889,107372,171516,61.5
RG008,Ottawa,Ontario,2022-10-23,2022,10,84192,16754,67437,80.1
RG009,Vancouver Downtown,British Columbia,2022-10-23,2022,10,126066,40088,85977,68.2
RG010,Vancouver East,British Columbia,2022-10-23,2022,10,111481,47602,63878,57.3
RG011,Vancouver West,British Columbia,2022-10-23,2022,10,144861,27523,117337,81.0
RG012,Burnaby,British Columbia,2022-10-23,2022,10,148657,37164,111492,75.0
RG013,Surrey,British Columbia,2022-10-23,2022,10,274889,119576,155312,56.5
RG014,Richmond,British Columbia,2022-10-23,2022,10,240873,103816,137056,56.9
RG015,Calgary Downtown,Alberta,2022-10-23,2022,10,163399,72712,90686,55.5
RG016,Calgary North,Alberta,2022-10-23,2022,10,213851,99440,114410,53.5
RG017,Calgary South,Alberta,2022-10-23,2022,10,149849,23526,126322,84.3
RG018,Edmonton Central,Alberta,2022-10-23,2022,10,170440,29826,140613,82.5
RG019,Edmonton West,Alberta,2022-10-23,2022,10,41630,18358,23271,55.9
RG020,Montreal Central,Quebec,2022-10-23,2022,10,58154,22156,35997,61.9
RG021,Montreal East,Quebec,2022-10-23,2022,10,107493,48049,59443,55.3
RG022,Montreal West,Quebec,2022-10-23,2022,10,157760,26188,131571,83.4
RG023,Laval,Quebec,2022-10-23,2022,10,93909,44512,49396,52.6
RG024,Quebec City,Quebec,2022-10-23,2022,10,61338,26191,35146,57.3
RG001,Toronto Central,Ontario,2022-11-22,2022,11,308175,70572,237602,77.1
RG002,Toronto North,Ontario,2022-11-22,2022,11,311503,136126,175376,56.3
RG003,Toronto East,Ontario,2022-11-22,2022,11,256027,70407,185619,72.5
RG004,Toronto West,Ontario,2022-11-22,2022,11,268988,108133,160854,59.8
RG005,Mississauga,Ontario,2022-11-22,2022,11,243509,36526,206982,85.0
RG006,Brampton,Ontario,2022-11-22,2022,11,184376,30237,154138,83.6
RG007,Hamilton,Ontario,2022-11-22,2022,11,320447,123372,197074,61.5
RG008,Ottawa,Ontario,2022-11-22,2022,11,97881,19478,78402,80.1
RG009,Vancouver Downtown,British Columbia,2022-11-22,2022,11,148659,47273,101385,68.2
RG010,Vancouver East,British Columbia,2022-11-22,2022,11,130543,55741,74801,57.3
RG011,Vancouver West,British Columbia,2022-11-22,2022,11,168143,31947,136195,81.0
RG012,Burnaby,British Columbia,2022-11-22,2022,11,179578,44894,134683,75.0
RG013,Surrey,British Columbia,2022-11-22,2022,11,302667,131660,171006,56.5
RG014,Richmond,British Columbia,2022-11-22,2022,11,279501,120464,159036,56.9
RG015,Calgary Downtown,Alberta,2022-11-22,2022,11,184445,82078,102366,55.5
RG016,Calgary North,Alberta,2022-11-22,2022,11,239293,111271,128021,53.5
RG017,Calgary South,Alberta,2022-11-22,2022,11,170719,26802,143916,84.3
RG018,Edmonton Central,Alberta,2022-11-22,2022,11,205948,36040,169907,82.5
RG019,Edmonton West,Alberta,2022-11-22,2022,11,51092,22531,28560,55.9
RG020,Montreal Central,Quebec,2022-11-22,2022,11,66706,25414,41291,61.9
RG021,Montreal East,Quebec,2022-11-22,2022,11,127257,56883,70373,55.3
RG022,Montreal West,Quebec,2022-11-22,2022,11,182274,30257,152016,83.4
RG023,Laval,Quebec,2022-11-22,2022,11,114926,54474,60451,52.6
RG024,Quebec City,Quebec,2022-11-22,2022,11,71924,30711,41212,57.3
RG001,Toronto Central,Ontario,2022-12-22,2022,12,315890,72338,243551,77.1
RG002,Toronto North,Ontario,2022-12-22,2022,12,326657,142749,183907,56.3
RG003,Toronto East,Ontario,2022-12-22,2022,12,247728,68125,179602,72.5
RG004,Toronto West,Ontario,2022-12-22,2022,12,244648,98348,146299,59.8
RG005,Mississauga,Ontario,2022-12-22,2022,12,245549,36832,208716,85.0
RG006,Brampton,Ontario,2022-12-22,2022,12,188167,30859,157307,83.6
RG007,Hamilton,Ontario,2022-12-22,2022,12,315634,121519,194114,61.5
RG008,Ottawa,Ontario,2022-12-22,2022,12,89348,17780,71567,80.1
RG009,Vancouver Downtown,British Columbia,2022-12-22,2022,12,142326,45259,97066,68.2
RG010,Vancouver East,British Columbia,2022-12-22,2022,12,134944,57621,77322,57.3
RG011,Vancouver West,British Columbia,2022-12-22,2022,12,159808,30363,129444,81.0
RG012,Burnaby,British Columbia,2022-12-22,2022,12,174965,43741,131223,75.0
RG013,Surrey,British Columbia,2022-12-22,2022,12,307069,133575,173493,56.5
RG014,Richmond,British Columbia,2022-12-22,2022,12,264447,113976,150470,56.9
RG015,Calgary Downtown,Alberta,2022-12-22,2022,12,181761,80883,100877,55.5
RG016,Calgary North,Alberta,2022-12-22,2022,12,241675,112378,129296,53.5
RG017,Calgary South,Alberta,2022-12-22,2022,12,168346,26430,141915,84.3
RG018,Edmonton Central,Alberta,2022-12-22,2022,12,208654,36514,172139,82.5
RG019,Edmonton West,Alberta,2022-12-22,2022,12,49583,21866,27716,55.9
RG020,Montreal Central,Quebec,2022-12-22,2022,12,62798,23926,38871,61.9
RG021,Montreal East,Quebec,2022-12-22,2022,12,125259,55990,69268,55.3
RG022,Montreal West,Quebec,2022-12-22,2022,12,173233,28756,144476,83.4
RG023,Laval,Quebec,2022-12-22,2022,12,109575,51938,57636,52.6
RG024,Quebec City,Quebec,2022-12-22,2022,12,69372,29621,39750,57.3
RG001,Toronto Central,Ontario,2023-01-21,2023,1,255435,58494,196940,77.1
RG002,Toronto North,Ontario,2023-01-21,2023,1,266728,116560,150167,56.3
RG003,Toronto East,Ontario,2023-01-21,2023,1,192850,53033,139816,72.5
RG004,Toronto West,Ontario,2023-01-21,2023,1,193745,77885,115859,59.8
RG005,Mississauga,Ontario,2023-01-21,2023,1,194821,29223,165597,85.0
RG006,Brampton,Ontario,2023-01-21,2023,1,150584,24695,125888,83.6
RG007,Hamilton,Ontario,2023-01-21,2023,1,237315,91366,145948,61.5
RG008,Ottawa,Ontario,2023-01-21,2023,1,76053,15134,60918,80.1
RG009,Vancouver Downtown,British Columbia,2023-01-21,2023,1,114590,36439,78150,68.2
RG010,Vancouver East,British Columbia,2023-01-21,2023,1,110826,47322,63503,57.3
RG011,Vancouver West,British Columbia,2023-01-21,2023,1,135520,25748,109771,81.0
RG012,Burnaby,British Columbia,2023-01-21,2023,1,139065,34766,104298,75.0
RG013,Surrey,British Columbia,2023-01-21,2023,1,247540,107679,139860,56.5
RG014,Richmond,British Columbia,2023-01-21,2023,1,215254,92774,122479,56.9
RG015,Calgary Downtown,Alberta,2023-01-21,2023,1,142441,63386,79054,55.5
RG016,Calgary North,Alberta,2023-01-21,2023,1,193352,89908,103443,53.5
RG017,Calgary South,Alberta,2023-01-21,2023,1,130794,20534,110259,84.3
RG018,Edmonton Central,Alberta,2023-01-21,2023,1,159428,27899,131528,82.5
RG019,Edmonton West,Alberta,2023-01-21,2023,1,41131,18138,22992,55.9
RG020,Montreal Central,Quebec,2023-01-21,2023,1,50624,19287,31336,61.9
RG021,Montreal East,Quebec,2023-01-21,2023,1,102032,45608,56423,55.3
RG022,Montreal West,Quebec,2023-01-21,2023,1,141754,23531,118222,83.4
RG023,Laval,Quebec,2023-01-21,2023,1,83272,39470,43801,52.6
RG024,Quebec City,Quebec,2023-01-21,2023,1,54490,23267,31222,57.3
RG001,Toronto Central,Ontario,2023-02-20,2023,2,247697,56722,190974,77.1
RG002,Toronto North,Ontario,2023-02-20,2023,2,254051,111020,143030,56.3
RG003,Toronto East,Ontario,2023-02-20,2023,2,205013,56378,148634,72.5
RG004,Toronto West,Ontario,2023-02-20,2023,2,198329,79728,118600,59.8
RG005,Mississauga,Ontario,2023-02-20,2023,2,195241,29286,165954,85.0
RG006,Brampton,Ontario,2023-02-20,2023,2,140080,22973,117106,83.6
RG007,Hamilton,Ontario,2023-02-20,2023,2,245081,94356,150724,61.5
RG008,Ottawa,Ontario,2023-02-20,2023,2,73483,14623,58859,80.1
RG009,Vancouver Downtown,British Columbia,2023-02-20,2023,2,110501,35139,75361,68.2
RG010,Vancouver East,British Columbia,2023-02-20,2023,2,102053,43576,58476,57.3
RG011,Vancouver West,British Columbia,2023-02-20,2023,2,129110,24530,104579,81.0
RG012,Burnaby,British Columbia,2023-02-20,2023,2,145367,36341,109025,75.0
RG013,Surrey,British Columbia,2023-02-20,2023,2,255076,110958,144117,56.5
RG014,Richmond,British Columbia,2023-02-20,2023,2,220188,94901,125286,56.9
RG015,Calgary Downtown,Alberta,2023-02-20,2023,2,152181,67720,84460,55.5
RG016,Calgary North,Alberta,2023-02-20,2023,2,180950,84141,96808,53.5
RG017,Calgary South,Alberta,2023-02-20,2023,2,128032,20101,107930,84.3
RG018,Edmonton Central,Alberta,2023-02-20,2023,2,160353,28061,132291,82.5
RG019,Edmonton West,Alberta,2023-02-20,2023,2,40593,17901,22691,55.9
RG020,Montreal Central,Quebec,2023-02-20,2023,2,49320,18790,30529,61.9
RG021,Montreal East,Quebec,2023-02-20,2023,2,100590,44963,55626,55.3
RG022,Montreal West,Quebec,2023-02-20,2023,2,133904,22228,111675,83.4
RG023,Laval,Quebec,2023-02-20,2023,2,84552,40077,44474,52.6
RG024,Quebec City,Quebec,2023-02-20,2023,2,56110,23958,32151,57.3
RG001,Toronto Central,Ontario,2023-03-22,2023,3,280157,64155,216001,77.1
RG002,Toronto North,Ontario,2023-03-22,2023,3,274536,119972,154563,56.3
RG003,Toronto East,Ontario,2023-03-22,2023,3,211266,58098,153167,72.5
RG004,Toronto West,Ontario,2023-03-22,2023,3,231800,93183,138616,59.8
RG005,Mississauga,Ontario,2023-03-22,2023,3,211170,31675,179494,85.0
RG006,Brampton,Ontario,2023-03-22,2023,3,163504,26814,136689,83.6
RG007,Hamilton,Ontario,2023-03-22,2023,3,274899,105836,169062,61.5
RG008,Ottawa,Ontario,2023-03-22,2023,3,84967,16908,68058,80.1
RG009,Vancouver Downtown,British Columbia,2023-03-22,2023,3,133446,42435,91010,68.2
RG010,Vancouver East,British Columbia,2023-03-22,2023,3,122468,52293,70174,57.3
RG011,Vancouver West,British Columbia,2023-03-22,2023,3,152747,29021,123725,81.0
RG012,Burnaby,British Columbia,2023-03-22,2023,3,164382,41095,123286,75.0
RG013,Surrey,British Columbia,2023-03-22,2023,3,280219,121895,158323,56.5
RG014,Richmond,British Columbia,2023-03-22,2023,3,244839,105525,139313,56.9
RG015,Calgary Downtown,Alberta,2023-03-22,2023,3,162156,72159,89996,55.5
RG016,Calgary North,Alberta,2023-03-22,2023,3,207846,96648,111197,53.5
RG017,Calgary South,Alberta,2023-03-22,2023,3,139746,21940,117805,84.3
RG018,Edmonton Central,Alberta,2023-03-22,2023,3,185725,32501,153223,82.5
RG019,Edmonton West,Alberta,2023-03-22,2023,3,43859,19341,24517,55.9
RG020,Montreal Central,Quebec,2023-03-22,2023,3,55356,21090,34265,61.9
RG021,Montreal East,Quebec,2023-03-22,2023,3,105345,47089,58255,55.3
RG022,Montreal West,Quebec,2023-03-22,2023,3,151570,25160,126409,83.4
RG023,Laval,Quebec,2023-03-22,2023,3,94777,44924,49852,52.6
RG024,Quebec City,Quebec,2023-03-22,2023,3,64131,27383,36747,57.3
RG001,Toronto Central,Ontario,2023-04-21,2023,4,282923,64789,218133,77.1
RG002,Toronto North,Ontario,2023-04-21,2023,4,283570,123920,159649,56.3
RG003,Toronto East,Ontario,2023-04-21,2023,4,209548,57625,151922,72.5
RG004,Toronto West,Ontario,2023-04-21,2023,4,235654,94732,140921,59.8
RG005,Mississauga,Ontario,2023-04-21,2023,4,215709,32356,183352,85.0
RG006,Brampton,Ontario,2023-04-21,2023,4,160967,26398,134568,83.6
RG007,Hamilton,Ontario,2023-04-21,2023,4,273367,105246,168120,61.5
RG008,Ottawa,Ontario,2023-04-21,2023,4,82361,16389,65971,80.1
RG009,Vancouver Downtown,British Columbia,2023-04-21,2023,4,124718,39660,85057,68.2
RG010,Vancouver East,British Columbia,2023-04-21,2023,4,118788,50722,68065,57.3
RG011,Vancouver West,British Columbia,2023-04-21,2023,4,153809,29223,124585,81.0
RG012,Burnaby,British Columbia,2023-04-21,2023,4,150944,37736,113208,75.0
RG013,Surrey,British Columbia,2023-04-21,2023,4,282251,122779,159471,56.5
RG014,Richmond,British Columbia,2023-04-21,2023,4,249971,107737,142233,56.9
RG015,Calgary Downtown,Alberta,2023-04-21,2023,4,160600,71467,89133,55.5
RG016,Calgary North,Alberta,2023-04-21,2023,4,221952,103207,118744,53.5
RG017,Calgary South,Alberta,2023-04-21,2023,4,146427,22989,123437,84.3
RG018,Edmonton Central,Alberta,2023-04-21,2023,4,184164,32228,151935,82.5
RG019,Edmonton West,Alberta,2023-04-21,2023,4,42179,18600,23578,55.9
RG020,Montreal Central,Quebec,2023-04-21,2023,4,59055,22499,36555,61.9
RG021,Montreal East,Quebec,2023-04-21,2023,4,111800,49974,61825,55.3
RG022,Montreal West,Quebec,2023-04-21,2023,4,160071,26571,133499,83.4
RG023,Laval,Quebec,2023-04-21,2023,4,102091,48391,53699,52.6
RG024,Quebec City,Quebec,2023-04-21,2023,4,63389,27067,36321,57.3
RG001,Toronto Central,Ontario,2023-05-21,2023,5,288417,66047,222369,77.1
RG002,Toronto North,Ontario,2023-05-21,2023,5,284809,124461,160347,56.3
RG003,Toronto East,Ontario,2023-05-21,2023,5,224778,61813,162964,72.5
RG004,Toronto West,Ontario,2023-05-21,2023,5,232147,93323,138823,59.8
RG005,Mississauga,Ontario,2023-05-21,2023,5,214343,32151,182191,85.0
RG006,Brampton,Ontario,2023-05-21,2023,5,170370,27940,142429,83.6
RG007,Hamilton,Ontario,2023-05-21,2023,5,266570,102629,163940,61.5
RG008,Ottawa,Ontario,2023-05-21,2023,5,83236,16563,66672,80.1
RG009,Vancouver Downtown,British Columbia,2023-05-21,2023,5,126926,40362,86563,68.2
RG010,Vancouver East,British Columbia,2023-05-21,2023,5,122523,52317,70205,57.3
RG011,Vancouver West,British Columbia,2023-05-21,2023,5,142544,27083,115460,81.0
RG012,Burnaby,British Columbia,2023-05-21,2023,5,158478,39619,118858,75.0
RG013,Surrey,British Columbia,2023-05-21,2023,5,277937,120902,157034,56.5
RG014,Richmond,British Columbia,2023-05-21,2023,5,247014,106463,140550,56.9
RG015,Calgary Downtown,Alberta,2023-05-21,2023,5,162784,72438,90345,55.5
RG016,Calgary North,Alberta,2023-05-21,2023,5,213963,99492,114470,53.5
RG017,Calgary South,Alberta,2023-05-21,2023,5,142497,22372,120124,84.3
RG018,Edmonton Central,Alberta,2023-05-21,2023,5,185653,32489,153163,82.5
RG019,Edmonton West,Alberta,2023-05-21,2023,5,45478,20055,25422,55.9
RG020,Montreal Central,Quebec,2023-05-21,2023,5,56888,21674,35213,61.9
RG021,Montreal East,Quebec,2023-05-21,2023,5,107903,48232,59670,55.3
RG022,Montreal West,Quebec,2023-05-21,2023,5,161523,26812,134710,83.4
RG023,Laval,Quebec,2023-05-21,2023,5,98496,46687,51808,52.6
RG024,Quebec City,Quebec,2023-05-21,2023,5,61469,26247,35221,57.3
RG001,Toronto Central,Ontario,2023-06-20,2023,6,292171,66907,225263,77.1
RG002,Toronto North,Ontario,2023-06-20,2023,6,306382,133888,172493,56.3
RG003,Toronto East,Ontario,2023-06-20,2023,6,220218,60559,159658,72.5
RG004,Toronto West,Ontario,2023-06-20,2023,6,241782,97196,144585,59.8
RG005,Mississauga,Ontario,2023-06-20,2023,6,234541,35181,199359,85.0
RG006,Brampton,Ontario,2023-06-20,2023,6,176797,28994,147802,83.6
RG007,Hamilton,Ontario,2023-06-20,2023,6,287668,110752,176915,61.5
RG008,Ottawa,Ontario,2023-06-20,2023,6,86517,17216,69300,80.1
RG009,Vancouver Downtown,British Columbia,2023-06-20,2023,6,129870,41298,88571,68.2
RG010,Vancouver East,British Columbia,2023-06-20,2023,6,122271,52209,70061,57.3
RG011,Vancouver West,British Columbia,2023-06-20,2023,6,154191,29296,124894,81.0
RG012,Burnaby,British Columbia,2023-06-20,2023,6,172452,43113,129339,75.0
RG013,Surrey,British Columbia,2023-06-20,2023,6,296295,128888,167406,56.5
RG014,Richmond,British Columbia,2023-06-20,2023,6,268401,115680,152720,56.9
RG015,Calgary Downtown,Alberta,2023-06-20,2023,6,174991,77870,97120,55.5
RG016,Calgary North,Alberta,2023-06-20,2023,6,217744,101250,116493,53.5
RG017,Calgary South,Alberta,2023-06-20,2023,6,158229,24841,133387,84.3
RG018,Edmonton Central,Alberta,2023-06-20,2023,6,193362,33838,159523,82.5
RG019,Edmonton West,Alberta,2023-06-20,2023,6,47553,20970,26582,55.9
RG020,Montreal Central,Quebec,2023-06-20,2023,6,60202,22936,37265,61.9
RG021,Montreal East,Quebec,2023-06-20,2023,6,117214,52394,64819,55.3
RG022,Montreal West,Quebec,2023-06-20,2023,6,165670,27501,138168,83.4
RG023,Laval,Quebec,2023-06-20,2023,6,107284,50852,56431,52.6
RG024,Quebec City,Quebec,2023-06-20,2023,6,65522,27977,37544,57.3
RG001,Toronto Central,Ontario,2023-07-20,2023,7,298533,68364,230168,77.1
RG002,Toronto North,Ontario,2023-07-20,2023,7,305585,133540,172044,56.3
RG003,Toronto East,Ontario,2023-07-20,2023,7,238291,65530,172760,72.5
RG004,Toronto West,Ontario,2023-07-20,2023,7,238144,95733,142410,59.8
RG005,Mississauga,Ontario,2023-07-20,2023,7,226889,34033,192855,85.0
RG006,Brampton,Ontario,2023-07-20,2023,7,174886,28681,146204,83.6
RG007,Hamilton,Ontario,2023-07-20,2023,7,287433,110661,176771,61.5
RG008,Ottawa,Ontario,2023-07-20,2023,7,89422,17794,71627,80.1
RG009,Vancouver Downtown,British Columbia,2023-07-20,2023,7,135731,43162,92568,68.2
RG010,Vancouver East,British Columbia,2023-07-20,2023,7,129234,55182,74051,57.3
RG011,Vancouver West,British Columbia,2023-07-20,2023,7,147291,27985,119305,81.0
RG012,Burnaby,British Columbia,2023-07-20,2023,7,159416,39854,119562,75.0
RG013,Surrey,British Columbia,2023-07-20,2023,7,288354,125433,162920,56.5
RG014,Richmond,British Columbia,2023-07-20,2023,7,250679,108042,142636,56.9
RG015,Calgary Downtown,Alberta,2023-07-20,2023,7,166244,73978,92265,55.5
RG016,Calgary North,Alberta,2023-07-20,2023,7,224071,104193,119877,53.5
RG017,Calgary South,Alberta,2023-07-20,2023,7,160421,25186,135234,84.3
RG018,Edmonton Central,Alberta,2023-07-20,2023,7,180434,31575,148858,82.5
RG019,Edmonton West,Alberta,2023-07-20,2023,7,44784,19749,25034,55.9
RG020,Montreal Central,Quebec,2023-07-20,2023,7,58153,22156,35996,61.9
RG021,Montreal East,Quebec,2023-07-20,2023,7,118415,52931,65483,55.3
RG022,Montreal West,Quebec,2023-07-20,2023,7,164264,27267,136996,83.4
RG023,Laval,Quebec,2023-07-20,2023,7,103771,49187,54583,52.6
RG024,Quebec City,Quebec,2023-07-20,2023,7,63910,27289,36620,57.3
RG001,Toronto Central,Ontario,2023-08-19,2023,8,303526,69507,234018,77.1
RG002,Toronto North,Ontario,2023-08-19,2023,8,297177,129866,167310,56.3
RG003,Toronto East,Ontario,2023-08-19,2023,8,229436,63094,166341,72.5
RG004,Toronto West,Ontario,2023-08-19,2023,8,228177,91727,136449,59.8
RG005,Mississauga,Ontario,2023-08-19,2023,8,225227,33784,191442,85.0
RG006,Brampton,Ontario,2023-08-19,2023,8,169749,27838,141910,83.6
RG007,Hamilton,Ontario,2023-08-19,2023,8,302444,116440,186003,61.5
RG008,Ottawa,Ontario,2023-08-19,2023,8,88435,17598,70836,80.1
RG009,Vancouver Downtown,British Columbia,2023-08-19,2023,8,141529,45006,96522,68.2
RG010,Vancouver East,British Columbia,2023-08-19,2023,8,128599,54911,73687,57.3
RG011,Vancouver West,British Columbia,2023-08-19,2023,8,156795,29791,127003,81.0
RG012,Burnaby,British Columbia,2023-08-19,2023,8,172032,43008,129024,75.0
RG013,Surrey,British Columbia,2023-08-19,2023,8,292959,127437,165521,56.5
RG014,Richmond,British Columbia,2023-08-19,2023,8,253009,109046,143962,56.9
RG015,Calgary Downtown,Alberta,2023-08-19,2023,8,171750,76428,95321,55.5
RG016,Calgary North,Alberta,2023-08-19,2023,8,220415,102492,117922,53.5
RG017,Calgary South,Alberta,2023-08-19,2023,8,156986,24646,132339,84.3
RG018,Edmonton Central,Alberta,2023-08-19,2023,8,181473,31757,149715,82.5
RG019,Edmonton West,Alberta,2023-08-19,2023,8,45367,20006,25360,55.9
RG020,Montreal Central,Quebec,2023-08-19,2023,8,59051,22498,36552,61.9
RG021,Montreal East,Quebec,2023-08-19,2023,8,113368,50675,62692,55.3
RG022,Montreal West,Quebec,2023-08-19,2023,8,158810,26362,132447,83.4
RG023,Laval,Quebec,2023-08-19,2023,8,102948,48797,54150,52.6
RG024,Quebec City,Quebec,2023-08-19,2023,8,63376,27061,36314,57.3
RG001,Toronto Central,Ontario,2023-09-18,2023,9,289025,66186,222838,77.1
RG002,Toronto North,Ontario,2023-09-18,2023,9,278191,121569,156621,56.3
RG003,Toronto East,Ontario,2023-09-18,2023,9,229390,63082,166307,72.5
RG004,Toronto West,Ontario,2023-09-18,2023,9,237441,95451,141989,59.8
RG005,Mississauga,Ontario,2023-09-18,2023,9,214051,32107,181943,85.0
RG006,Brampton,Ontario,2023-09-18,2023,9,172406,28274,144131,83.6
RG007,Hamilton,Ontario,2023-09-18,2023,9,285779,110024,175754,61.5
RG008,Ottawa,Ontario,2023-09-18,2023,9,82604,16438,66165,80.1
RG009,Vancouver Downtown,British Columbia,2023-09-18,2023,9,129154,41070,88083,68.2
RG010,Vancouver East,British Columbia,2023-09-18,2023,9,116187,49611,66575,57.3
RG011,Vancouver West,British Columbia,2023-09-18,2023,9,149698,28442,121255,81.0
RG012,Burnaby,British Columbia,2023-09-18,2023,9,156681,39170,117510,75.0
RG013,Surrey,British Columbia,2023-09-18,2023,9,287132,124902,162229,56.5
RG014,Richmond,British Columbia,2023-09-18,2023,9,241947,104279,137667,56.9
RG015,Calgary Downtown,Alberta,2023-09-18,2023,9,166110,73918,92191,55.5
RG016,Calgary North,Alberta,2023-09-18,2023,9,214302,99650,114651,53.5
RG017,Calgary South,Alberta,2023-09-18,2023,9,140079,21992,118086,84.3
RG018,Edmonton Central,Alberta,2023-09-18,2023,9,179880,31478,148401,82.5
RG019,Edmonton West,Alberta,2023-09-18,2023,9,45476,20054,25421,55.9
RG020,Montreal Central,Quebec,2023-09-18,2023,9,55857,21281,34575,61.9
RG021,Montreal East,Quebec,2023-09-18,2023,9,110653,49461,61191,55.3
RG022,Montreal West,Quebec,2023-09-18,2023,9,149979,24896,125082,83.4
RG023,Laval,Quebec,2023-09-18,2023,9,96571,45774,50796,52.6
RG024,Quebec City,Quebec,2023-09-18,2023,9,64924,27722,37201,57.3
RG001,Toronto Central,Ontario,2023-10-18,2023,10,267216,61192,206023,77.1
RG002,Toronto North,Ontario,2023-10-18,2023,10,290874,127111,163762,56.3
RG003,Toronto East,Ontario,2023-10-18,2023,10,225474,62005,163468,72.5
RG004,Toronto West,Ontario,2023-10-18,2023,10,233273,93775,139497,59.8
RG005,Mississauga,Ontario,2023-10-18,2023,10,218024,32703,185320,85.0
RG006,Brampton,Ontario,2023-10-18,2023,10,158326,25965,132360,83.6
RG007,Hamilton,Ontario,2023-10-18,2023,10,274282,105598,168683,61.5
RG008,Ottawa,Ontario,2023-10-18,2023,10,85598,17034,68563,80.1
RG009,Vancouver Downtown,British Columbia,2023-10-18,2023,10,126577,40251,86325,68.2
RG010,Vancouver East,British Columbia,2023-10-18,2023,10,115190,49186,66003,57.3
RG011,Vancouver West,British Columbia,2023-10-18,2023,10,144598,27473,117124,81.0
RG012,Burnaby,British Columbia,2023-10-18,2023,10,156361,39090,117270,75.0
RG013,Surrey,British Columbia,2023-10-18,2023,10,291167,126657,164509,56.5
RG014,Richmond,British Columbia,2023-10-18,2023,10,244339,105310,139028,56.9
RG015,Calgary Downtown,Alberta,2023-10-18,2023,10,172321,76682,95638,55.5
RG016,Calgary North,Alberta,2023-10-18,2023,10,205943,95763,110179,53.5
RG017,Calgary South,Alberta,2023-10-18,2023,10,143199,22482,120716,84.3
RG018,Edmonton Central,Alberta,2023-10-18,2023,10,175123,30646,144476,82.5
RG019,Edmonton West,Alberta,2023-10-18,2023,10,42857,18899,23957,55.9
RG020,Montreal Central,Quebec,2023-10-18,2023,10,55807,21262,34544,61.9
RG021,Montreal East,Quebec,2023-10-18,2023,10,107861,48213,59647,55.3
RG022,Montreal West,Quebec,2023-10-18,2023,10,151072,25077,125994,83.4
RG023,Laval,Quebec,2023-10-18,2023,10,99607,47213,52393,52.6
RG024,Quebec City,Quebec,2023-10-18,2023,10,61755,26369,35385,57.3
RG001,Toronto Central,Ontario,2023-11-17,2023,11,316253,72421,243831,77.1
RG002,Toronto North,Ontario,2023-11-17,2023,11,327657,143186,184470,56.3
RG003,Toronto East,Ontario,2023-11-17,2023,11,256880,70642,186238,72.5
RG004,Toronto West,Ontario,2023-11-17,2023,11,265559,106754,158804,59.8
RG005,Mississauga,Ontario,2023-11-17,2023,11,256897,38534,218362,85.0
RG006,Brampton,Ontario,2023-11-17,2023,11,183592,30109,153482,83.6
RG007,Hamilton,Ontario,2023-11-17,2023,11,320981,123577,197403,61.5
RG008,Ottawa,Ontario,2023-11-17,2023,11,92670,18441,74228,80.1
RG009,Vancouver Downtown,British Columbia,2023-11-17,2023,11,154442,49112,105329,68.2
RG010,Vancouver East,British Columbia,2023-11-17,2023,11,142826,60986,81839,57.3
RG011,Vancouver West,British Columbia,2023-11-17,2023,11,171861,32653,139207,81.0
RG012,Burnaby,British Columbia,2023-11-17,2023,11,192115,48028,144086,75.0
RG013,Surrey,British Columbia,2023-11-17,2023,11,321202,139722,181479,56.5
RG014,Richmond,British Columbia,2023-11-17,2023,11,291887,125803,166083,56.9
RG015,Calgary Downtown,Alberta,2023-11-17,2023,11,185260,82440,102819,55.5
RG016,Calgary North,Alberta,2023-11-17,2023,11,237380,110381,126998,53.5
RG017,Calgary South,Alberta,2023-11-17,2023,11,161913,25420,136492,84.3
RG018,Edmonton Central,Alberta,2023-11-17,2023,11,206482,36134,170347,82.5
RG019,Edmonton West,Alberta,2023-11-17,2023,11,53096,23415,29680,55.9
RG020,Montreal Central,Quebec,2023-11-17,2023,11,67138,25579,41558,61.9
RG021,Montreal East,Quebec,2023-11-17,2023,11,122467,54742,67724,55.3
RG022,Montreal West,Quebec,2023-11-17,2023,11,175992,29214,146777,83.4
RG023,Laval,Quebec,2023-11-17,2023,11,109426,51867,57558,52.6
RG024,Quebec City,Quebec,2023-11-17,2023,11,70492,30100,40391,57.3
